{
    "name": "root",
    "gauges": {
        "Seek.Policy.Entropy.mean": {
            "value": 1.0601129531860352,
            "min": 1.0591078996658325,
            "max": 1.4176677465438843,
            "count": 100
        },
        "Seek.Policy.Entropy.sum": {
            "value": 105990.09375,
            "min": 105798.7890625,
            "max": 142447.25,
            "count": 100
        },
        "Seek.Step.mean": {
            "value": 9999984.0,
            "min": 99998.0,
            "max": 9999984.0,
            "count": 100
        },
        "Seek.Step.sum": {
            "value": 9999984.0,
            "min": 99998.0,
            "max": 9999984.0,
            "count": 100
        },
        "Seek.Policy.ExtrinsicValueEstimate.mean": {
            "value": -0.4433958828449249,
            "min": -0.7430568337440491,
            "max": -0.2009463906288147,
            "count": 100
        },
        "Seek.Policy.ExtrinsicValueEstimate.sum": {
            "value": -724.9522705078125,
            "min": -1208.21044921875,
            "max": -330.9587097167969,
            "count": 100
        },
        "Seek.Losses.PolicyLoss.mean": {
            "value": 0.0229188977261136,
            "min": 0.021473577262998637,
            "max": 0.025937020583708847,
            "count": 100
        },
        "Seek.Losses.PolicyLoss.sum": {
            "value": 0.22918897726113602,
            "min": 0.19429069895898768,
            "max": 0.2593702058370885,
            "count": 100
        },
        "Seek.Losses.ValueLoss.mean": {
            "value": 0.03485331550550958,
            "min": 0.015355687590005496,
            "max": 0.20048005476042075,
            "count": 100
        },
        "Seek.Losses.ValueLoss.sum": {
            "value": 0.3485331550550958,
            "min": 0.15355687590005496,
            "max": 1.9492857987682026,
            "count": 100
        },
        "Seek.Policy.LearningRate.mean": {
            "value": 1.5902464699510007e-06,
            "min": 1.5902464699510007e-06,
            "max": 0.0002983450138849956,
            "count": 100
        },
        "Seek.Policy.LearningRate.sum": {
            "value": 1.5902464699510007e-05,
            "min": 1.5902464699510007e-05,
            "max": 0.00289541289486238,
            "count": 100
        },
        "Seek.Policy.Epsilon.mean": {
            "value": 0.100530049,
            "min": 0.100530049,
            "max": 0.1994483377777778,
            "count": 100
        },
        "Seek.Policy.Epsilon.sum": {
            "value": 1.00530049,
            "min": 0.9135578499999999,
            "max": 1.9651376200000001,
            "count": 100
        },
        "Seek.Policy.Beta.mean": {
            "value": 0.0005000000000000002,
            "min": 0.0005,
            "max": 0.0005000000000000002,
            "count": 100
        },
        "Seek.Policy.Beta.sum": {
            "value": 0.005000000000000002,
            "min": 0.0045000000000000005,
            "max": 0.005000000000000002,
            "count": 100
        },
        "Seek.Environment.EpisodeLength.mean": {
            "value": 646.5298013245033,
            "min": 584.9883040935673,
            "max": 799.0,
            "count": 100
        },
        "Seek.Environment.EpisodeLength.sum": {
            "value": 97626.0,
            "min": 80057.0,
            "max": 110746.0,
            "count": 100
        },
        "Seek.Environment.CumulativeReward.mean": {
            "value": -3.2259177279472353,
            "min": -5.940033726161346,
            "max": -1.3441070755889193,
            "count": 100
        },
        "Seek.Environment.CumulativeReward.sum": {
            "value": -483.88765919208527,
            "min": -874.6017775759101,
            "max": -227.41546798497438,
            "count": 100
        },
        "Seek.Policy.ExtrinsicReward.mean": {
            "value": -3.2259177279472353,
            "min": -5.940033726161346,
            "max": -1.3441070755889193,
            "count": 100
        },
        "Seek.Policy.ExtrinsicReward.sum": {
            "value": -483.88765919208527,
            "min": -874.6017775759101,
            "max": -227.41546798497438,
            "count": 100
        },
        "Seek.IsTraining.mean": {
            "value": 1.0,
            "min": 1.0,
            "max": 1.0,
            "count": 100
        },
        "Seek.IsTraining.sum": {
            "value": 1.0,
            "min": 1.0,
            "max": 1.0,
            "count": 100
        },
        "Hide.Policy.Entropy.mean": {
            "value": 0.9790394306182861,
            "min": 0.9785693883895874,
            "max": 1.4183067083358765,
            "count": 100
        },
        "Hide.Policy.Entropy.sum": {
            "value": 97884.359375,
            "min": 97739.5078125,
            "max": 142511.453125,
            "count": 100
        },
        "Hide.Step.mean": {
            "value": 9999984.0,
            "min": 99998.0,
            "max": 9999984.0,
            "count": 100
        },
        "Hide.Step.sum": {
            "value": 9999984.0,
            "min": 99998.0,
            "max": 9999984.0,
            "count": 100
        },
        "Hide.Policy.ExtrinsicValueEstimate.mean": {
            "value": 0.4685823619365692,
            "min": 0.37148675322532654,
            "max": 0.8133143186569214,
            "count": 100
        },
        "Hide.Policy.ExtrinsicValueEstimate.sum": {
            "value": 766.1321411132812,
            "min": 611.095703125,
            "max": 1311.8759765625,
            "count": 100
        },
        "Hide.Losses.PolicyLoss.mean": {
            "value": 0.023173904100234115,
            "min": 0.02104891815646018,
            "max": 0.026667640306453293,
            "count": 100
        },
        "Hide.Losses.PolicyLoss.sum": {
            "value": 0.23173904100234116,
            "min": 0.19398225675686265,
            "max": 0.26667640306453294,
            "count": 100
        },
        "Hide.Losses.ValueLoss.mean": {
            "value": 0.02796961836516857,
            "min": 0.013396974676288665,
            "max": 0.19646824518287623,
            "count": 100
        },
        "Hide.Losses.ValueLoss.sum": {
            "value": 0.2796961836516857,
            "min": 0.13396974676288664,
            "max": 1.7682142066458861,
            "count": 100
        },
        "Hide.Policy.LearningRate.mean": {
            "value": 1.5902464699510007e-06,
            "min": 1.5902464699510007e-06,
            "max": 0.0002983450138849956,
            "count": 100
        },
        "Hide.Policy.LearningRate.sum": {
            "value": 1.5902464699510007e-05,
            "min": 1.5902464699510007e-05,
            "max": 0.00289541289486238,
            "count": 100
        },
        "Hide.Policy.Epsilon.mean": {
            "value": 0.100530049,
            "min": 0.100530049,
            "max": 0.1994483377777778,
            "count": 100
        },
        "Hide.Policy.Epsilon.sum": {
            "value": 1.00530049,
            "min": 0.9135578499999999,
            "max": 1.9651376200000001,
            "count": 100
        },
        "Hide.Policy.Beta.mean": {
            "value": 0.0005000000000000002,
            "min": 0.0005,
            "max": 0.0005000000000000002,
            "count": 100
        },
        "Hide.Policy.Beta.sum": {
            "value": 0.005000000000000002,
            "min": 0.0045000000000000005,
            "max": 0.005000000000000002,
            "count": 100
        },
        "Hide.Environment.EpisodeLength.mean": {
            "value": 646.5298013245033,
            "min": 584.9883040935673,
            "max": 799.0,
            "count": 100
        },
        "Hide.Environment.EpisodeLength.sum": {
            "value": 97626.0,
            "min": 80057.0,
            "max": 110746.0,
            "count": 100
        },