{
    "name": "root",
    "gauges": {
        "Hide.Policy.Entropy.mean": {
            "value": 1.3293688297271729,
            "min": 1.3293688297271729,
            "max": 1.3293688297271729,
            "count": 1
        },
        "Hide.Policy.Entropy.sum": {
            "value": 133574.984375,
            "min": 133574.984375,
            "max": 133574.984375,
            "count": 1
        },
        "Hide.Step.mean": {
            "value": 99978.0,
            "min": 99978.0,
            "max": 99978.0,
            "count": 1
        },
        "Hide.Step.sum": {
            "value": 99978.0,
            "min": 99978.0,
            "max": 99978.0,
            "count": 1
        },
        "Hide.Policy.ExtrinsicValueEstimate.mean": {
            "value": -0.700516939163208,
            "min": -0.700516939163208,
            "max": -0.700516939163208,
            "count": 1
        },
        "Hide.Policy.ExtrinsicValueEstimate.sum": {
            "value": -1256.7274169921875,
            "min": -1256.7274169921875,
            "max": -1256.7274169921875,
            "count": 1
        },
        "Hide.Environment.EpisodeLength.mean": {
            "value": 200.83640081799592,
            "min": 200.83640081799592,
            "max": 200.83640081799592,
            "count": 1
        },
        "Hide.Environment.EpisodeLength.sum": {
            "value": 98209.0,
            "min": 98209.0,
            "max": 98209.0,
            "count": 1
        },
        "Hide.Environment.CumulativeReward.mean": {
            "value": -1.4576522873253666,
            "min": -1.4576522873253666,
            "max": -1.4576522873253666,
            "count": 1
        },
        "Hide.Environment.CumulativeReward.sum": {
            "value": -712.7919685021043,
            "min": -712.7919685021043,
            "max": -712.7919685021043,
            "count": 1
        },
        "Hide.Policy.ExtrinsicReward.mean": {
            "value": -1.4576522873253666,
            "min": -1.4576522873253666,
            "max": -1.4576522873253666,
            "count": 1
        },
        "Hide.Policy.ExtrinsicReward.sum": {
            "value": -712.7919685021043,
            "min": -712.7919685021043,
            "max": -712.7919685021043,
            "count": 1
        },
        "Hide.Losses.PolicyLoss.mean": {
            "value": 0.023377524611014118,
            "min": 0.023377524611014118,
            "max": 0.023377524611014118,
            "count": 1
        },
        "Hide.Losses.PolicyLoss.sum": {
            "value": 0.21039772149912706,
            "min": 0.21039772149912706,
            "max": 0.21039772149912706,
            "count": 1
        },
        "Hide.Losses.ValueLoss.mean": {
            "value": 0.08366491804244341,
            "min": 0.08366491804244341,
            "max": 0.08366491804244341,
            "count": 1
        },
        "Hide.Losses.ValueLoss.sum": {
            "value": 0.7529842623819907,
            "min": 0.7529842623819907,
            "max": 0.7529842623819907,
            "count": 1
        },
        "Hide.Policy.LearningRate.mean": {
            "value": 0.0002984585305138233,
            "min": 0.0002984585305138233,
            "max": 0.0002984585305138233,
            "count": 1
        },
        "Hide.Policy.LearningRate.sum": {
            "value": 0.0026861267746244094,
            "min": 0.0026861267746244094,
            "max": 0.0026861267746244094,
            "count": 1
        },
        "Hide.Policy.Epsilon.mean": {
            "value": 0.1994861766666667,
            "min": 0.1994861766666667,
            "max": 0.1994861766666667,
            "count": 1
        },
        "Hide.Policy.Epsilon.sum": {
            "value": 1.7953755900000004,
            "min": 1.7953755900000004,
            "max": 1.7953755900000004,
            "count": 1
        },
        "Hide.Policy.Beta.mean": {
            "value": 0.0005000000000000001,
            "min": 0.0005000000000000001,
            "max": 0.0005000000000000001,
            "count": 1
        },
        "Hide.Policy.Beta.sum": {
            "value": 0.004500000000000001,
            "min": 0.004500000000000001,
            "max": 0.004500000000000001,
            "count": 1
        },
        "Hide.IsTraining.mean": {
            "value": 1.0,
            "min": 1.0,
            "max": 1.0,
            "count": 1
        },
        "Hide.IsTraining.sum": {
            "value": 1.0,
            "min": 1.0,
            "max": 1.0,
            "count": 1
        },
        "Seek.Policy.Entropy.mean": {
            "value": 1.2911171913146973,
            "min": 1.2911171913146973,
            "max": 1.2911171913146973,
            "count": 1
        },
        "Seek.Policy.Entropy.sum": {
            "value": 129731.4609375,
            "min": 129731.4609375,
            "max": 129731.4609375,
            "count": 1
        },
        "Seek.Step.mean": {
            "value": 99978.0,
            "min": 99978.0,
            "max": 99978.0,
            "count": 1
        },
        "Seek.Step.sum": {
            "value": 99978.0,
            "min": 99978.0,
            "max": 99978.0,
            "count": 1
        },
        "Seek.Policy.ExtrinsicValueEstimate.mean": {
            "value": 0.9915543794631958,
            "min": 0.9915543794631958,
            "max": 0.9915543794631958,
            "count": 1
        },
        "Seek.Policy.ExtrinsicValueEstimate.sum": {
            "value": 1778.8485107421875,
            "min": 1778.8485107421875,
            "max": 1778.8485107421875,
            "count": 1
        },
        "Seek.Environment.EpisodeLength.mean": {
            "value": 200.83640081799592,
            "min": 200.83640081799592,
            "max": 200.83640081799592,
            "count": 1
        },
        "Seek.Environment.EpisodeLength.sum": {
            "value": 98209.0,
            "min": 98209.0,
            "max": 98209.0,
            "count": 1
        },
        "Seek.Environment.CumulativeReward.mean": {
            "value": 1.9683811220212826,
            "min": 1.9683811220212826,
            "max": 1.9683811220212826,
            "count": 1
        },
        "Seek.Environment.CumulativeReward.sum": {
            "value": 962.5383686684072,
            "min": 962.5383686684072,
            "max": 962.5383686684072,
            "count": 1
        },
        "Seek.Policy.ExtrinsicReward.mean": {
            "value": 1.9683811220212826,
            "min": 1.9683811220212826,
            "max": 1.9683811220212826,
            "count": 1
        },
        "Seek.Policy.ExtrinsicReward.sum": {
            "value": 962.5383686684072,
            "min": 962.5383686684072,
            "max": 962.5383686684072,
            "count": 1
        },
        "Seek.Losses.PolicyLoss.mean": {
            "value": 0.024566044965184927,
            "min": 0.024566044965184927,
            "max": 0.024566044965184927,
            "count": 1
        },
        "Seek.Losses.PolicyLoss.sum": {
            "value": 0.22109440468666433,
            "min": 0.22109440468666433,
            "max": 0.22109440468666433,
            "count": 1
        },
        "Seek.Losses.ValueLoss.mean": {
            "value": 0.1270212876851912,
            "min": 0.1270212876851912,
            "max": 0.1270212876851912,
            "count": 1
        },
        "Seek.Losses.ValueLoss.sum": {
            "value": 1.1431915891667208,
            "min": 1.1431915891667208,
            "max": 1.1431915891667208,
            "count": 1
        },
        "Seek.Policy.LearningRate.mean": {
            "value": 0.0002984585305138233,
            "min": 0.0002984585305138233,
            "max": 0.0002984585305138233,
            "count": 1
        },
        "Seek.Policy.LearningRate.sum": {
            "value": 0.0026861267746244094,
            "min": 0.0026861267746244094,
            "max": 0.0026861267746244094,
            "count": 1
        },