{"count":1,"self":489.34062079999995,"total":2353.1735202,"children":{"InitializeActuators":{"count":40,"self":0.0015063,"total":0.0015063,"children":null},"InitializeSensors":{"count":40,"self":0.0029760999999999998,"total":0.0029760999999999998,"children":null},"AgentSendState":{"count":265101,"self":78.3236032,"total":161.7496807,"children":{"CollectObservations":{"count":2120840,"self":1.9431238,"total":1.9431238,"children":null},"WriteActionMask":{"count":2120840,"self":0.69986209999999993,"total":0.69986209999999993,"children":null},"RequestDecision":{"count":2120840,"self":2.7145251999999997,"total":80.7830894,"children":{"AgentInfo.ToProto":{"count":2120840,"self":2.5820364,"total":78.0685641,"children":{"GenerateSensorData":{"count":2120840,"self":71.5264064,"total":75.4865276,"children":{"RayPerceptionSensor.Perceive":{"count":4241680,"self":3.96012,"total":3.9601200999999997,"children":null}}}}}}}}},"DecideAction":{"count":265101,"self":1686.2842879999998,"total":1686.2843372999998,"children":null},"AgentAct":{"count":265101,"self":15.602431999999999,"total":15.602431999999999,"children":null},"AgentInfo.ToProto":{"count":9220,"self":0.0274083,"total":0.1910047,"children":{"GenerateSensorData":{"count":9220,"self":0.1416676,"total":0.1635964,"children":{"RayPerceptionSensor.Perceive":{"count":18440,"self":0.0219288,"total":0.0219288,"children":null}}}}}},"gauges":{"Hide.CumulativeReward":{"count":4610,"max":17.4629822,"min":-3.06499434,"runningAverage":-0.7894063,"value":-0.0779976845,"weightedAverage":1.26143324},"Seek.CumulativeReward":{"count":4610,"max":5.90552855,"min":-17.4409046,"runningAverage":0.9601187,"value":0.08313513,"weightedAverage":-0.429973185}},"metadata":{"timer_format_version":"0.1.0","start_time_seconds":"1694993021","unity_version":"2021.3.11f1","command_line_arguments":"D:\\Programy\\UnityHub\\Editor\\2021.3.11f1\\Editor\\Unity.exe -projectpath C:\\Users\\piotr\\Desktop\\Projects\\HideAndSeek_AI -useHub -hubIPC -cloudEnvironment production","communication_protocol_version":"1.5.0","com.unity.ml-agents_version":"2.3.0-exp.3","scene_name":"Hide&Seek_Scene","end_time_seconds":"1694995374"}}