{
    "name": "root",
    "gauges": {
        "Hide.Policy.Entropy.mean": {
            "value": 0.8586828112602234,
            "min": 0.8586828112602234,
            "max": 0.9743615984916687,
            "count": 10
        },
        "Hide.Policy.Entropy.sum": {
            "value": 85799.5859375,
            "min": 85799.5859375,
            "max": 97962.3125,
            "count": 10
        },
        "Hide.Step.mean": {
            "value": 999989.0,
            "min": 99964.0,
            "max": 999989.0,
            "count": 10
        },
        "Hide.Step.sum": {
            "value": 999989.0,
            "min": 99964.0,
            "max": 999989.0,
            "count": 10
        },
        "Hide.Policy.ExtrinsicValueEstimate.mean": {
            "value": -0.24135570228099823,
            "min": -0.5618746280670166,
            "max": -0.05423230677843094,
            "count": 10
        },
        "Hide.Policy.ExtrinsicValueEstimate.sum": {
            "value": -427.1995849609375,
            "min": -1024.859375,
            "max": -92.08645629882812,
            "count": 10
        },
        "Hide.Environment.EpisodeLength.mean": {
            "value": 250.6851385390428,
            "min": 199.4191616766467,
            "max": 279.7844827586207,
            "count": 10
        },
        "Hide.Environment.EpisodeLength.sum": {
            "value": 99522.0,
            "min": 97365.0,
            "max": 101349.0,
            "count": 10
        },
        "Hide.Environment.CumulativeReward.mean": {
            "value": -0.46229218452305576,
            "min": -1.0345433640239898,
            "max": -0.44036884599443127,
            "count": 10
        },
        "Hide.Environment.CumulativeReward.sum": {
            "value": -183.52999725565314,
            "min": -513.0689936056733,
            "max": -152.80798956006765,
            "count": 10
        },
        "Hide.Policy.ExtrinsicReward.mean": {
            "value": -0.46229218452305576,
            "min": -1.0345433640239898,
            "max": -0.44036884599443127,
            "count": 10
        },
        "Hide.Policy.ExtrinsicReward.sum": {
            "value": -183.52999725565314,
            "min": -513.0689936056733,
            "max": -152.80798956006765,
            "count": 10
        },
        "Hide.Losses.PolicyLoss.mean": {
            "value": 0.02410389356829304,
            "min": 0.022007500316940425,
            "max": 0.02475024994885273,
            "count": 10
        },
        "Hide.Losses.PolicyLoss.sum": {
            "value": 0.2410389356829304,
            "min": 0.19828879054402934,
            "max": 0.2451111457980005,
            "count": 10
        },
        "Hide.Losses.ValueLoss.mean": {
            "value": 0.10773530180255572,
            "min": 0.09683224433412155,
            "max": 0.12909603270667572,
            "count": 10
        },
        "Hide.Losses.ValueLoss.sum": {
            "value": 1.0773530180255573,
            "min": 0.8924359848101934,
            "max": 1.1618642943600814,
            "count": 10
        },
        "Hide.Policy.LearningRate.mean": {
            "value": 0.000271473090508973,
            "min": 0.000271473090508973,
            "max": 0.0002984564371811878,
            "count": 10
        },
        "Hide.Policy.LearningRate.sum": {
            "value": 0.00271473090508973,
            "min": 0.0024973934175355496,
            "max": 0.00295524226491925,
            "count": 10
        },
        "Hide.Policy.Epsilon.mean": {
            "value": 0.19049102699999998,
            "min": 0.19049102699999998,
            "max": 0.1994854788888889,
            "count": 10
        },
        "Hide.Policy.Epsilon.sum": {
            "value": 1.9049102699999998,
            "min": 1.73246445,
            "max": 1.98508075,
            "count": 10
        },
        "Hide.Policy.Beta.mean": {
            "value": 0.0005000000000000002,
            "min": 0.0005000000000000001,
            "max": 0.0005000000000000002,
            "count": 10
        },
        "Hide.Policy.Beta.sum": {
            "value": 0.005000000000000002,
            "min": 0.004500000000000001,
            "max": 0.005000000000000002,
            "count": 10
        },
        "Hide.IsTraining.mean": {
            "value": 1.0,
            "min": 1.0,
            "max": 1.0,
            "count": 10
        },
        "Hide.IsTraining.sum": {
            "value": 1.0,
            "min": 1.0,
            "max": 1.0,
            "count": 10
        },
        "Seek.Policy.Entropy.mean": {
            "value": 1.107886791229248,
            "min": 1.107886791229248,
            "max": 1.2427093982696533,
            "count": 10
        },
        "Seek.Policy.Entropy.sum": {
            "value": 110700.046875,
            "min": 110700.046875,
            "max": 124942.0,
            "count": 10
        },
        "Seek.Step.mean": {
            "value": 999989.0,
            "min": 99964.0,
            "max": 999989.0,
            "count": 10
        },
        "Seek.Step.sum": {
            "value": 999989.0,
            "min": 99964.0,
            "max": 999989.0,
            "count": 10
        },
        "Seek.Policy.ExtrinsicValueEstimate.mean": {
            "value": 0.34960806369781494,
            "min": 0.2714932858943939,
            "max": 0.5941333174705505,
            "count": 10
        },
        "Seek.Policy.ExtrinsicValueEstimate.sum": {
            "value": 618.8062744140625,
            "min": 460.9955749511719,
            "max": 1083.69921875,
            "count": 10
        },
        "Seek.Environment.EpisodeLength.mean": {
            "value": 250.6851385390428,
            "min": 199.4191616766467,
            "max": 279.7844827586207,
            "count": 10
        },
        "Seek.Environment.EpisodeLength.sum": {
            "value": 99522.0,
            "min": 97365.0,
            "max": 101349.0,
            "count": 10
        },
        "Seek.Environment.CumulativeReward.mean": {
            "value": 0.7540343429245787,
            "min": 0.5019568266502719,
            "max": 1.1691447828611559,
            "count": 10
        },
        "Seek.Environment.CumulativeReward.sum": {
            "value": 299.35163414105773,
            "min": 174.17901884764433,
            "max": 581.6589034125209,
            "count": 10
        },
        "Seek.Policy.ExtrinsicReward.mean": {
            "value": 0.7540343429245787,
            "min": 0.5019568266502719,
            "max": 1.1691447828611559,
            "count": 10
        },
        "Seek.Policy.ExtrinsicReward.sum": {
            "value": 299.35163414105773,
            "min": 174.17901884764433,
            "max": 581.6589034125209,
            "count": 10
        },
        "Seek.Losses.PolicyLoss.mean": {
            "value": 0.026163954812703498,
            "min": 0.022332574846441276,
            "max": 0.026163954812703498,
            "count": 10
        },
        "Seek.Losses.PolicyLoss.sum": {
            "value": 0.261639548127035,
            "min": 0.20889753521963333,
            "max": 0.261639548127035,
            "count": 10
        },
        "Seek.Losses.ValueLoss.mean": {
            "value": 0.13907041517396768,
            "min": 0.11386229716241358,
            "max": 0.14698124336699644,
            "count": 10
        },
        "Seek.Losses.ValueLoss.sum": {
            "value": 1.3907041517396768,
            "min": 1.0300905421376227,
            "max": 1.4698124336699645,
            "count": 10
        },
        "Seek.Policy.LearningRate.mean": {
            "value": 0.000271473090508973,
            "min": 0.000271473090508973,
            "max": 0.0002984564371811878,
            "count": 10
        },
        "Seek.Policy.LearningRate.sum": {
            "value": 0.00271473090508973,
            "min": 0.0024973934175355496,
            "max": 0.00295524226491925,
            "count": 10
        },