{
    "name": "root",
    "gauges": {
        "Seek.Policy.Entropy.mean": {
            "value": 1.0999153852462769,
            "min": 1.0999153852462769,
            "max": 1.2429373264312744,
            "count": 12
        },
        "Seek.Policy.Entropy.sum": {
            "value": 109921.140625,
            "min": 109921.140625,
            "max": 124969.890625,
            "count": 12
        },
        "Seek.Step.mean": {
            "value": 1199956.0,
            "min": 99970.0,
            "max": 1199956.0,
            "count": 12
        },
        "Seek.Step.sum": {
            "value": 1199956.0,
            "min": 99970.0,
            "max": 1199956.0,
            "count": 12
        },
        "Seek.Policy.ExtrinsicValueEstimate.mean": {
            "value": 0.59498530626297,
            "min": -0.14631806313991547,
            "max": 0.59498530626297,
            "count": 12
        },
        "Seek.Policy.ExtrinsicValueEstimate.sum": {
            "value": 1063.833740234375,
            "min": -245.96066284179688,
            "max": 1063.833740234375,
            "count": 12
        },
        "Seek.Environment.EpisodeLength.mean": {
            "value": 219.6953642384106,
            "min": 219.6953642384106,
            "max": 439.0822510822511,
            "count": 12
        },
        "Seek.Environment.EpisodeLength.sum": {
            "value": 99522.0,
            "min": 94739.0,
            "max": 101428.0,
            "count": 12
        },
        "Seek.Environment.CumulativeReward.mean": {
            "value": 1.231473881545709,
            "min": -1.0993375466184845,
            "max": 1.231473881545709,
            "count": 12
        },
        "Seek.Environment.CumulativeReward.sum": {
            "value": 557.8576683402061,
            "min": -251.74829817563295,
            "max": 557.8576683402061,
            "count": 12
        },
        "Seek.Policy.ExtrinsicReward.mean": {
            "value": 1.231473881545709,
            "min": -1.0993375466184845,
            "max": 1.231473881545709,
            "count": 12
        },
        "Seek.Policy.ExtrinsicReward.sum": {
            "value": 557.8576683402061,
            "min": -251.74829817563295,
            "max": 557.8576683402061,
            "count": 12
        },
        "Seek.Losses.PolicyLoss.mean": {
            "value": 0.024369990250178723,
            "min": 0.021870687570675118,
            "max": 0.025082920636147414,
            "count": 12
        },
        "Seek.Losses.PolicyLoss.sum": {
            "value": 0.2193299122516085,
            "min": 0.2072938205722797,
            "max": 0.25082920636147416,
            "count": 12
        },
        "Seek.Losses.ValueLoss.mean": {
            "value": 0.12435027076690286,
            "min": 0.09983995703359445,
            "max": 0.15824746035039425,
            "count": 12
        },
        "Seek.Losses.ValueLoss.sum": {
            "value": 1.1191524369021257,
            "min": 0.9983995703359445,
            "max": 1.5824746035039425,
            "count": 12
        },
        "Seek.Policy.LearningRate.mean": {
            "value": 0.00026547426817524777,
            "min": 0.00026547426817524777,
            "max": 0.0002984591571802811,
            "count": 12
        },
        "Seek.Policy.LearningRate.sum": {
            "value": 0.00238926841357723,
            "min": 0.00238926841357723,
            "max": 0.0029552739449086895,
            "count": 12
        },
        "Seek.Policy.Epsilon.mean": {
            "value": 0.1884914188888889,
            "min": 0.1884914188888889,
            "max": 0.19948638555555553,
            "count": 12
        },
        "Seek.Policy.Epsilon.sum": {
            "value": 1.69642277,
            "min": 1.69642277,
            "max": 1.9850913100000003,
            "count": 12
        },
        "Seek.Policy.Beta.mean": {
            "value": 0.0005000000000000001,
            "min": 0.0005000000000000001,
            "max": 0.0005000000000000002,
            "count": 12
        },
        "Seek.Policy.Beta.sum": {
            "value": 0.004500000000000001,
            "min": 0.004500000000000001,
            "max": 0.005000000000000002,
            "count": 12
        },
        "Seek.IsTraining.mean": {
            "value": 1.0,
            "min": 1.0,
            "max": 1.0,
            "count": 12
        },
        "Seek.IsTraining.sum": {
            "value": 1.0,
            "min": 1.0,
            "max": 1.0,
            "count": 12
        },
        "Hide.Policy.Entropy.mean": {
            "value": 1.1933696269989014,
            "min": 1.1933696269989014,
            "max": 1.2963953018188477,
            "count": 12
        },
        "Hide.Policy.Entropy.sum": {
            "value": 119260.5859375,
            "min": 119260.5859375,
            "max": 130344.765625,
            "count": 12
        },
        "Hide.Step.mean": {
            "value": 1199956.0,
            "min": 99970.0,
            "max": 1199956.0,
            "count": 12
        },
        "Hide.Step.sum": {
            "value": 1199956.0,
            "min": 99970.0,
            "max": 1199956.0,
            "count": 12
        },
        "Hide.Policy.ExtrinsicValueEstimate.mean": {
            "value": -0.5143787264823914,
            "min": -0.5143787264823914,
            "max": 0.16188760101795197,
            "count": 12
        },
        "Hide.Policy.ExtrinsicValueEstimate.sum": {
            "value": -919.7091674804688,
            "min": -919.7091674804688,
            "max": 271.3236083984375,
            "count": 12
        },
        "Hide.Environment.EpisodeLength.mean": {
            "value": 219.6953642384106,
            "min": 219.6953642384106,
            "max": 439.0822510822511,
            "count": 12
        },
        "Hide.Environment.EpisodeLength.sum": {
            "value": 99522.0,
            "min": 94739.0,
            "max": 101428.0,
            "count": 12
        },
        "Hide.Environment.CumulativeReward.mean": {
            "value": -1.006044133872649,
            "min": -1.006044133872649,
            "max": 1.2024891420417998,
            "count": 12
        },
        "Hide.Environment.CumulativeReward.sum": {
            "value": -455.73799264431,
            "min": -455.73799264431,
            "max": 275.37001352757215,
            "count": 12
        },
        "Hide.Policy.ExtrinsicReward.mean": {
            "value": -1.006044133872649,
            "min": -1.006044133872649,
            "max": 1.2024891420417998,
            "count": 12
        },
        "Hide.Policy.ExtrinsicReward.sum": {
            "value": -455.73799264431,
            "min": -455.73799264431,
            "max": 275.37001352757215,
            "count": 12
        },
        "Hide.Losses.PolicyLoss.mean": {
            "value": 0.024941224610234642,
            "min": 0.02189283587832809,
            "max": 0.027525537226902087,
            "count": 12
        },
        "Hide.Losses.PolicyLoss.sum": {
            "value": 0.2244710214921118,
            "min": 0.21228951409054087,
            "max": 0.27525537226902086,
            "count": 12
        },
        "Hide.Losses.ValueLoss.mean": {
            "value": 0.11425450010984034,
            "min": 0.09405434552580119,
            "max": 0.14648612685501575,
            "count": 12
        },
        "Hide.Losses.ValueLoss.sum": {
            "value": 1.028290500988563,
            "min": 0.9405434552580119,
            "max": 1.4648612685501574,
            "count": 12
        },
        "Hide.Policy.LearningRate.mean": {
            "value": 0.00026547426817524777,
            "min": 0.00026547426817524777,
            "max": 0.0002984591571802811,
            "count": 12
        },
        "Hide.Policy.LearningRate.sum": {
            "value": 0.00238926841357723,
            "min": 0.00238926841357723,
            "max": 0.0029552739449086895,
            "count": 12
        },